{"cameraMode":{"drawMode":0,"name":"Shaded","section":"Shading Mode"},"sceneLighting":false,"audioPlay":false,"sceneViewState":{"showFog":true,"showMaterialUpdate":false,"showSkybox":false,"showFlares":true,"showImageEffects":true,"showParticleSystems":true},"in2DMode":false,"pivot":{"x":24.25577163696289,"y":2.3604133129119875,"z":0.10165977478027344},"rotation":{"x":-0.05690493434667587,"y":-0.6719194054603577,"z":-0.05191254988312721,"w":0.7366138696670532},"size":1.6692805290222169,"orthographic":false}