{"cameraMode":{"drawMode":0,"name":"Shaded","section":"Shading Mode"},"sceneLighting":false,"audioPlay":false,"sceneViewState":{"showFog":true,"showMaterialUpdate":false,"showSkybox":false,"showFlares":true,"showImageEffects":true,"showParticleSystems":true},"in2DMode":false,"pivot":{"x":-2.289151668548584,"y":4.006968975067139,"z":-1.0124292373657227},"rotation":{"x":-0.09216950088739395,"y":0.6936168074607849,"z":-0.09018613398075104,"w":-0.708760678768158},"size":15.396267890930176,"orthographic":false}