{"cameraMode":{"drawMode":0,"name":"Shaded","section":"Shading Mode"},"sceneLighting":true,"audioPlay":false,"sceneViewState":{"showFog":true,"showMaterialUpdate":false,"showSkybox":false,"showFlares":true,"showImageEffects":true,"showParticleSystems":true},"in2DMode":false,"pivot":{"x":27.456165313720704,"y":-19.727964401245118,"z":0.3632112741470337},"rotation":{"x":0.21028487384319306,"y":0.6730270981788635,"z":-0.2081318348646164,"w":0.6781389117240906},"size":19.520254135131837,"orthographic":false}