{"cameraMode":{"drawMode":0,"name":"Shaded","section":"Shading Mode"},"sceneLighting":false,"audioPlay":false,"sceneViewState":{"showFog":true,"showMaterialUpdate":false,"showSkybox":false,"showFlares":true,"showImageEffects":true,"showParticleSystems":true},"in2DMode":false,"pivot":{"x":27.454334259033204,"y":0.5827192664146423,"z":0.0017180442810058594},"rotation":{"x":0.03679860383272171,"y":-0.9598343372344971,"z":0.2484903484582901,"w":0.13545462489128114},"size":8.95372200012207,"orthographic":false}