{"cameraMode":{"drawMode":0,"name":"Shaded","section":"Shading Mode"},"sceneLighting":false,"audioPlay":false,"sceneViewState":{"showFog":true,"showMaterialUpdate":false,"showSkybox":false,"showFlares":true,"showImageEffects":true,"showParticleSystems":true},"in2DMode":false,"pivot":{"x":5.199522018432617,"y":-8.003680229187012,"z":3.9825186729431154},"rotation":{"x":0.35598745942115786,"y":0.38115599751472475,"z":-0.1631309986114502,"w":0.8383212685585022},"size":18.35664176940918,"orthographic":false}