{"cameraMode":{"drawMode":0,"name":"Shaded","section":"Shading Mode"},"sceneLighting":true,"audioPlay":false,"sceneViewState":{"showFog":true,"showMaterialUpdate":false,"showSkybox":true,"showFlares":true,"showImageEffects":true,"showParticleSystems":true},"in2DMode":false,"pivot":{"x":15.182710647583008,"y":1.0156002044677735,"z":-3.4240264892578127},"rotation":{"x":-0.03774402290582657,"y":-0.9053257703781128,"z":0.08507940173149109,"w":-0.4179984927177429},"size":19.042789459228517,"orthographic":false}